year,period,fs_div,revenue,gross_profit,operating_income,net_income,cash,receivables,inventory,current_assets,current_liabilities,assets,liabilities,equity,borrowings,interest_expense,cfo,capex,gross_margin,operating_margin,net_margin,current_ratio,debt_ratio,equity_ratio,debt_dependence,net_debt,interest_coverage,fcf,cfo_net_income,revenue_growth,avg_assets,avg_equity,roa,roe,asset_turnover
2015,annual,CFS,142929412218.0,53286347339.0,9661948318.0,5148545359.0,4623353819.0,22064947416.0,31118590998.0,74588817396.0,64590756710.0,162288656301.0,90517308027.0,71771348274.0,37729348175.0,3576250606.0,4527768009.0,,37.28158292411232,6.759944064741077,3.602159470961297,115.47908895213807,126.11900180756524,44.22450090466228,23.248296606155037,33105994356.0,2.701697778614791,,0.8794266522456018,,,,,,
2016,annual,CFS,140171468682.0,52520790897.0,10087228318.0,5724117871.0,4657337783.0,23104188610.0,33269517194.0,78568532885.0,66150285143.0,166157076988.0,90823006970.0,75334070018.0,43087218767.0,2617279893.0,7577549656.0,2960481583.0,37.46895954707537,7.196349166380207,4.0836540594334645,118.7727803669401,120.56033471747796,45.33906793716688,25.931618170023413,38429880984.0,3.8540884927816164,4617068073.0,1.3237934345115445,-1.9295843264180657,164222866644.5,73552709146.0,3.4855790718787256,7.782334515561883,0.8535441595075487
2016,half,CFS,72673666186.0,27847982589.0,6656187659.0,4303979209.0,6143397678.0,21337650355.0,32834309750.0,75338999469.0,61436979061.0,163013060860.0,88093588630.0,74919472230.0,38549340033.0,1372504903.0,7541172281.0,1549215014.0,38.319220772110555,9.159009044575022,5.9223367071979744,122.62809894053687,117.58436893356104,45.95918378242272,23.648006993812114,32405942355.0,4.8496640299433595,5991957267.0,1.7521395701054372,,,,,,
2016,quarter1,CFS,37927760173.0,14937442014.0,4231232863.0,2796453672.0,5820042284.0,24294703315.0,30999528829.0,77339835473.0,66472482702.0,164820612310.0,91547703298.0,73272909012.0,40783924348.0,661492285.0,3565619429.0,,39.383928673525155,11.156031475890128,7.373105238075035,116.34864883822524,124.94072438560767,44.456156293234685,24.744432007868202,34963882064.0,6.396496163216779,,1.2750504200020947,,,,,,
2016,quarter3,CFS,105054367709.0,39499412321.0,7683035224.0,4935498261.0,3523111896.0,21231971069.0,33641215844.0,74783321004.0,61409068346.0,162005501606.0,87080792475.0,74924709131.0,42343734979.0,1984493363.0,3793842975.0,2261953196.0,37.59901961469431,7.313389620583852,4.698041945929656,121.77895385522675,116.22439844610679,46.248249836118596,26.137220377849047,38820623083.0,3.871534854813218,1531889779.0,0.7686848975267018,,,,,,
2017,annual,CFS,137658030909.0,52343443684.0,7600059735.0,2881751627.0,5860506779.0,20931152498.0,29786705856.0,74374098202.0,48178726264.0,167851329610.0,92462636177.0,75388693433.0,30409565861.0,2814135021.0,11709800485.0,9906684947.0,38.02425716709698,5.520970832442085,2.093413372231807,154.37124218365574,122.64788254909085,44.913968574550154,18.116964537401138,24549059082.0,2.7006734496695635,1803115538.0,4.063431551590827,-1.7931165283729067,167004203299.0,75361381725.5,1.725556345333768,3.8239102853722,0.8242788396322015
2017,half,CFS,68440262732.0,26921087514.0,4391428491.0,2173282548.0,7262293480.0,16871309508.0,33058508820.0,74428120865.0,55836737950.0,165124892376.0,89441475562.0,75683416814.0,38181675593.0,1362000257.0,7853582919.0,4084619972.0,39.335160970112334,6.416440141669326,3.175444484353006,133.29596892219598,118.17843237946283,45.83404459799071,23.122907178681377,30919382113.0,3.224249384998464,3768962947.0,3.613696215536904,-5.825223462877305,164068976618.0,75301444522.0,1.324615166619848,2.886110036527992,0.41714322928550174
2017,quarter1,CFS,37453686429.0,15116988373.0,3784292566.0,2333518732.0,9263825550.0,20669488944.0,30786147131.0,78040385822.0,57233181964.0,165507097232.0,89688170735.0,75818926497.0,37651784016.0,631258497.0,5838813247.0,558422410.0,40.36181699138452,10.103925479201592,6.230411354630183,136.3551407487493,118.29258851158858,45.810075679546614,22.749347094899207,28387958466.0,5.994838222351881,5280390837.0,2.5021497221904454,-1.2499386777326316,165163854771.0,74545917754.5,1.4128507325258473,3.130310555280723,0.22676684605678166
2017,quarter3,CFS,100305293640.0,38844027939.0,4970476871.0,2230119190.0,4208946244.0,21605085992.0,34156193361.0,77474078502.0,60027002434.0,168346238111.0,93115267774.0,75230970337.0,42316142183.0,2019218426.0,3250343565.0,5513960278.0,38.72580053293387,4.955348507167781,2.223331500333366,129.0653795134667,123.77251995672343,44.688239654868944,25.136375280984076,38107195939.0,2.4615845452868306,-2263616713.0,1.4574752683958565,-4.520586980405139,165175869858.5,75077839734.0,1.350148294608928,2.970409374991727,0.6072636016745533
2018,annual,CFS,135191757349.0,48432992110.0,6921982761.0,757844924.0,5308576904.0,19232087089.0,32949912516.0,77725827334.0,55080631765.0,170574792838.0,96119508606.0,74455284232.0,33956930038.0,2901748474.0,7352163048.0,10313787814.0,35.82540316046735,5.120121889628799,0.5605703623214316,141.1128101536945,129.09696013851087,43.64964071960645,19.907355285637028,28648353134.0,2.3854523653658344,-2961624766.0,9.701408316089744,-1.7915943906173903,169213061224.0,74921988832.5,0.4478643188168459,1.0115120217834614,0.7989439844128613
2018,half,CFS,71684341168.0,25321215634.0,4665065292.0,2586292548.0,7027800786.0,18524086093.0,28733254998.0,72821523758.0,51185070784.0,169097501332.0,92120237786.0,76977263546.0,33041805728.0,1470162610.0,8934625828.0,6618442606.0,35.32321734624999,6.507788473729452,3.6078905181519962,142.2710228638843,119.67200903543535,45.52241336485841,19.540091052632942,26014004942.0,3.1731627918356597,2316183222.0,3.454607575198411,4.740014585717245,167111196854.0,76330340180.0,1.5476476721422596,3.3882890367068716,0.42896192785112086
2018,quarter1,CFS,40739875089.0,14322430438.0,3911385754.0,2315281659.0,7480508239.0,26503623481.0,27226431476.0,80511894985.0,51475375039.0,173700509857.0,97359521726.0,76340988131.0,31726315366.0,699361485.0,3395794303.0,2716211609.0,35.155803513661574,9.600878121141065,5.683084825228488,156.40856414159325,127.53243586385403,43.94977780655231,18.26495235513061,24245807127.0,5.59279548258223,679582694.0,1.4666873422504834,8.774005907881843,169603803544.5,76079957314.0,1.365111872855213,3.043221553666604,0.24020614065008764
2018,quarter3,CFS,101267137123.0,36058293994.0,5010069803.0,1744813073.0,5840274198.0,18767426461.0,30851988022.0,74863900271.0,50035488035.0,168139112108.0,92037593059.0,76101519049.0,32221417202.0,2166454909.0,5978161678.0,8418736200.0,35.607103171291655,4.947379717977732,1.7229805468685602,149.62160500689518,120.94054653460877,45.26104491387945,19.163546659686993,26381143004.0,2.312565926106704,-2440574522.0,3.42624764251752,0.9589159735198916,168242675109.5,75666244693.0,1.0370811518922867,2.3059332203933405,0.6019111206897462
2019,annual,CFS,132038884296.0,45648598757.0,1831471551.0,-1681077971.0,5768950328.0,21503257285.0,33770365640.0,81274103669.0,82197544892.0,181549399377.0,106020401164.0,75528998213.0,37812784140.0,3215371415.0,2605259351.0,6895597400.0,34.572087609182326,1.387069847465746,-1.2731688698848895,98.87655863175316,140.3704585952682,41.6024500616269,20.827821116322788,32043833812.0,0.5695987538036877,-4290338049.0,-1.549755214179771,-2.332148878618978,176062096107.5,74992141222.5,-0.9548210592548935,-2.241672185372437,0.7499563348114389
2019,half,CFS,64870067811.0,23260314044.0,1619493534.0,110842913.0,3422810620.0,17652550723.0,37275105293.0,79701547433.0,72765121709.0,179311729610.0,105467162647.0,73844566963.0,43840314657.0,1637442798.0,-1948053658.0,3814247819.0,35.856774671130765,2.496518947256878,0.17086911843986757,109.53262436877374,142.82318521800605,41.182228916987576,24.449217433991603,40417504037.0,0.9890382344824971,-5762301477.0,-17.574904928743617,-9.505944040177495,174204615471.0,75410915254.5,0.06362800015390643,0.1469852376488504,0.3723785827121152
2019,quarter1,CFS,33653215058.0,12785630877.0,1724826797.0,836825319.0,7060368227.0,19886228261.0,34979277201.0,81946937383.0,71442227665.0,178456056499.0,104463024229.0,73993032270.0,39564808708.0,748672641.0,1364265159.0,1452953639.0,37.992301344654486,5.125295737798984,2.4866132925420774,114.70378242859066,141.1795422139415,41.46288656244885,22.17061694861654,32504440481.0,2.303846437738333,-88688480.0,1.6302866655974113,-17.39489877059893,176078283178.0,75167010200.5,0.4752575410756598,1.113288019262516,0.1911264379150011
2019,quarter3,CFS,96419279212.0,33882191481.0,1112798907.0,-1155210203.0,6152691809.0,15678439213.0,37648490057.0,79147438997.0,65646785928.0,179989390997.0,103817704978.0,76171686019.0,39835493875.0,2433847422.0,-1499107649.0,5022543831.0,35.14047372880915,1.1541248971103126,-1.1981112205371336,120.56559643880695,136.2943508328069,42.32009764412704,22.132134374333187,33682802066.0,0.45721802317647503,-6521651480.0,1.2976925282575607,-4.7871975536463935,174064251552.5,76136602534.0,-0.6636688422215022,-1.5172862520154125,0.5539292436673519
2020,annual,CFS,127762922996.0,40981353451.0,40112875.0,51406535.0,7576704453.0,15139581367.0,31397390642.0,74296366090.0,58293752318.0,195681830769.0,105892494037.0,89789336732.0,29148720050.0,3072750443.0,8330622728.0,6188926697.0,32.07609257052067,0.0313963347576635,0.04023587891896418,127.45167901476586,117.93437605298737,45.885372381861664,14.895976767720304,21572015597.0,0.013054387508553034,2141696031.0,162.05376861132538,-3.238410656677704,188615615073.0,82659167472.5,0.02725465491290533,0.06219096631611069,0.6773719288647011
2020,half,CFS,62247774755.0,20676730027.0,-174232323.0,-2384881213.0,6602293790.0,14261115374.0,35761464861.0,78184031096.0,81260947936.0,178162247632.0,106257704755.0,71904542877.0,42331895628.0,1534645096.0,1268875987.0,1751516246.0,33.216817963985385,-0.27990128753318194,-3.8312714348209473,96.21353563039489,147.7760660223716,40.35902321210114,23.76030623246173,35729601838.0,-0.11353264898453108,-482640259.0,-0.5320499738449657,-4.042377547130204,178736988621.0,72874554920.0,-1.3342964046781516,-3.2725842588240397,0.3482646498369305
2020,quarter1,CFS,33507906350.0,11368755358.0,407999993.0,-303798224.0,11122864593.0,16416871835.0,34469799095.0,83920687405.0,85995208842.0,183400568031.0,109879893599.0,73520674432.0,42701944438.0,743079051.0,3731301771.0,1098395314.0,33.92857565987557,1.2176230551032323,-0.9066463921282865,97.58763137512516,149.45441462269093,40.0874845816033,23.283430851087733,31579079845.0,0.5490667412180887,2632906457.0,-12.282171113021384,-0.4317825436576106,180928312265.0,73756853351.0,-0.16791082622549217,-0.41189151949617586,0.18519990558980082
2020,quarter3,CFS,94133426883.0,31189335570.0,247362161.0,-2253979022.0,6632810220.0,17155631260.0,34610727834.0,78663825785.0,78514161800.0,179019347467.0,107278397890.0,71740949577.0,33629609790.0,2252034143.0,2344043670.0,4404810648.0,33.13311392430847,0.2627782384969906,-2.3944512556644817,100.19062036907589,149.53579304781493,40.07441128128598,18.78546104978916,26996799570.0,0.10983943639081852,-2060766978.0,-1.0399580684296181,-2.3707419799042784,179504369232.0,73956317798.0,-1.2556680551250816,-3.047716664526738,0.5244074408090729
2021,annual,CFS,132235899435.0,47032487761.0,5064131360.0,15736000491.0,11646247436.0,15670919418.0,34446529291.0,112261448585.0,64517529597.0,202507879594.0,97960468698.0,104547410896.0,27564186304.0,2203923267.0,4863279060.0,12313384279.0,35.56710996178358,3.8296191742464405,11.899945898379105,174.0014679517736,93.69956449275205,51.62634219745076,13.611414212257984,15917938868.0,2.2977802520744475,-7450105219.0,0.3090543281808798,3.500997264394168,199094855181.5,97168373814.0,7.9037705302101635,16.19457018095404,0.6641854171191433
2021,half,CFS,67084951289.0,23549213979.0,3121607179.0,1602678293.0,7911611284.0,14347014536.0,32922338027.0,146005486632.0,70167820393.0,206058970411.0,115970565067.0,90088405344.0,27139926239.0,1126054433.0,2050864268.0,2252394271.0,35.10357170500233,4.65321524279299,2.3890280341647845,208.08040753474168,128.72973455814844,43.71972021616528,13.170951104369488,19228314955.0,2.772163660582117,-201530003.0,1.2796481221200393,7.770842496841968,192110609021.5,80996474110.5,0.8342476769831263,1.9787013084218148,0.34919961802573957
2021,quarter1,CFS,34845449369.0,12122291008.0,1877587249.0,1163067824.0,7738232857.0,16692938640.0,32000253782.0,87327906769.0,71437116880.0,208120827650.0,118462131442.0,89658696208.0,24741522015.0,575289477.0,15531285327.0,654629836.0,34.78873490661454,5.388328413036286,3.3377897116020976,122.24444460110749,132.12564586839258,43.080117074481564,11.888056709349724,17003289158.0,3.2637260441320395,14876655491.0,13.35372280662456,3.9917236398746336,195760697840.5,81589685320.0,0.5941273385465928,1.4255084076355646,0.17800023065605863
2021,quarter3,CFS,99547114754.0,34545465290.0,3633930143.0,15050337329.0,17075115074.0,18114564570.0,33553983217.0,112801951215.0,63871675828.0,199600206614.0,96016304590.0,103583902024.0,26233378682.0,1735537608.0,-3619600999.0,3053905740.0,34.70262837387951,3.6504625492965195,15.118808180621073,176.60715763707893,92.69423405941339,51.89568877767615,13.142961686774118,9158263608.0,2.0938354353425224,-6673506739.0,-0.24049965923524583,5.751079133376025,189309777040.5,87662425800.5,7.950110957967166,17.16851569137636,0.5258424383052513
2022,annual,CFS,149532210261.0,52805627506.0,6277196330.0,3315766792.0,8566292132.0,18830445258.0,45256072601.0,119271179657.0,91158525042.0,218432623722.0,111823225016.0,106609398706.0,39810311596.0,3151049824.0,-9501295834.0,34922520894.0,35.313881480004056,4.19788908292301,2.217426456957011,130.83930395105395,104.89058785931091,48.80653672030336,18.225442206227733,31244019464.0,1.9920968187140922,-44423816728.0,-2.8654897735642684,13.079890483523293,210470251658.0,105578404801.0,1.5754087648395545,3.1405729213751052,0.7104671994405166
2022,half,CFS,72749759789.0,25679497824.0,3294653391.0,2047604583.0,11304757864.0,15748602829.0,41589981149.0,111195752902.0,71387164628.0,216279750873.0,111011348153.0,105268402720.0,42280661654.0,1121067809.0,-11187502412.0,12970266225.0,35.29839534656831,4.52874813684012,2.8145860397873155,155.7643499100201,105.4555263351677,48.672334000335454,19.549061566483545,30975903790.0,2.938852908406007,-24157768637.0,-5.4637025648813955,8.444231368069666,211169360642.0,97678404032.0,0.9696504155597405,2.096271538516531,0.34450906877695314
2022,quarter1,CFS,37364529675.0,13338141871.0,2072481265.0,1463305762.0,15108393620.0,19222923572.0,33543721785.0,113523737281.0,67963191790.0,208522870131.0,104199557151.0,104323312980.0,34149969584.0,463971962.0,-6413657745.0,4587150254.0,35.69733644987999,5.546654228024884,3.9162964842002927,167.0370891817116,99.88137279629557,50.029674401882694,16.37708591031095,19041575964.0,4.466824365994771,-11000807999.0,-4.382992202691812,7.229294934107178,208321848890.5,96991004594.0,0.7024254871936914,1.5087025524947724,0.1793596296979866
2022,quarter3,CFS,108879002260.0,38026579491.0,3648536533.0,2028439750.0,4197599165.0,17085777492.0,46010968043.0,109874267090.0,76443915821.0,228159395847.0,122660739148.0,105498656699.0,56116434101.0,1980595408.0,-17893512651.0,24473236529.0,34.9255400046683,3.351001072077605,1.8630219857784358,143.7318665716707,116.26758385935227,46.239014749910055,24.595276426236147,51918834936.0,1.842141266339844,-42366749180.0,-8.821318282192015,9.37434252018341,213879801230.5,104541279361.5,0.948401737017669,1.9403242072308375,0.5090663149750182
2023,annual,CFS,141452792883.0,45897116473.0,-2268342309.0,-5722532337.0,9363543338.0,17060272556.0,43782409842.0,94995519450.0,89451315985.0,195918816223.0,195918816223.0,98778063635.0,,5658401468.0,3478994270.0,11948292161.0,32.4469496413287,-1.6036037626179758,-4.045542134847266,106.19801218567841,198.34243455809164,50.41785446609078,,,-0.4008804115134236,-8469297891.0,-0.6079466336093856,-5.403128438948257,207175719972.5,102693731170.5,-2.762163605735071,-5.572426156664824,0.6827672320954217
2023,half,CFS,75452932787.0,25766015618.0,1568108463.0,253231501.0,9318192498.0,15659347264.0,50581933544.0,125142996105.0,98470447408.0,225407923357.0,119923395960.0,105484527397.0,50088067090.0,2730577623.0,-2658923056.0,7188660856.0,34.14846138683068,2.078260453343404,0.33561518637699655,127.08685641133084,113.68813883827539,46.79716925031695,22.22107650167681,40769874592.0,0.5742771968068677,-9847583912.0,-10.49996957527018,3.715713984266289,220843837115.0,105376465058.5,0.1146654143978375,0.24031125058087488,0.3416574072099164
2023,quarter1,CFS,39717930886.0,14202838589.0,1762257442.0,1416161333.0,11154815089.0,18603578806.0,45338970622.0,123452676215.0,93933188055.0,221671063950.0,115129910055.0,106541153895.0,45666613852.0,1303113306.0,493471527.0,5485233505.0,35.75926104953845,4.436931639410175,3.565546596736681,131.42604735475993,108.0614446587133,48.06272501088882,20.601071262192587,34511798763.0,1.35234398565799,-4991761978.0,0.3484571393815905,6.298490122771772,215096967040.5,105432233437.5,0.6583827528973735,1.3431958015377692,0.18465128277946208
2023,quarter3,CFS,106853061299.0,35103782689.0,-1276872183.0,-2902356877.0,8699299107.0,17114544363.0,47215437840.0,120294291927.0,99492755774.0,222223334970.0,222223334970.0,102028550904.0,26856620047.0,4218973117.0,-672750780.0,9680840945.0,32.85238837544519,-1.1949795050111023,-2.716213126433994,120.90758868942292,217.80504868592402,45.91261800556354,12.085418505048368,18157320940.0,-0.30264999268541204,-10353591725.0,0.2317946443220945,-1.8607269711767849,225191365408.5,103763603801.5,-1.2888402145149251,-2.797085654958761,0.4744989271909568
2024,annual,CFS,133080484318.0,42265844652.0,-3813353960.0,-5333431137.0,10447751646.0,16947527794.0,46032622325.0,103773458841.0,98348575676.0,199293931372.0,199293931372.0,93508383767.0,,4676536782.0,2274447658.0,6010291981.0,31.759611387500243,-2.8654494154739254,-4.0076733747493725,105.51597532319306,213.12947924390576,46.91983500112616,,,-0.8154226381106651,-3735844323.0,-0.4264511155344837,-5.91880046647435,197606373797.5,96143223701.0,-2.699017766737378,-5.54738122115259,0.6734625091312902
2024,half,CFS,66561105112.0,21196415348.0,-1840334290.0,-3691672358.0,6186514962.0,15566954318.0,47516181285.0,95434963955.0,96737512572.0,196642193094.0,196642193094.0,93945281863.0,63570644656.0,2252681579.0,-4261959861.0,4322698407.0,31.84504721238259,-2.764879409534044,-5.546290662975253,98.65352273139074,209.3156667311536,47.77473256621571,32.328079572226706,57384129694.0,-0.8169526963579792,-8584658268.0,1.1544794466291584,-11.784601799510163,211025058225.5,99714904630.0,-1.7493999949783703,-3.702227236437963,0.31541801562198
2024,quarter1,CFS,38560002315.0,12544427533.0,725946544.0,661035.0,9133373289.0,19486099216.0,44316839835.0,99851787229.0,96227775554.0,200845777125.0,200845777125.0,98077834211.0,59152202033.0,1119246140.0,-1084771515.0,1720174936.0,32.53222712624207,1.882641339255324,0.001714302282971738,103.76607653469692,204.7820271937387,48.83241042701111,29.45155376415286,50018828744.0,0.6486031249569465,-2804946451.0,-1641.0197871519663,-2.9153798930854014,211258420537.5,102309494053.0,0.00031290350383106325,0.0006461130573645102,0.18252527978242317
2024,quarter3,CFS,98796840821.0,31012085240.0,-3183487402.0,-6181709897.0,6342230538.0,16617896412.0,47480513039.0,95168349115.0,96643703379.0,195838045350.0,195838045350.0,91692701617.0,65157075930.0,3467284359.0,-5284246453.0,5361483409.0,31.38975394586519,-3.222256274133136,-6.256991464129926,98.47340880738581,213.58084329112108,46.82067851174047,33.27089780412783,58814845392.0,-0.9181500772316668,-10645729862.0,0.8548195468642841,-7.539531745802586,209030690160.0,96860626260.5,-2.9573216699750096,-6.382066827004314,0.47264275281958434
2025,annual,CFS,131024331487.0,38684455586.0,-5853531949.0,-10661078953.0,9719183341.0,14135009229.0,38468458514.0,83043476731.0,90179955802.0,176282881937.0,176282881937.0,80954090295.0,73294358456.0,4078785960.0,1466781689.0,5025202897.0,29.52463496433729,-4.4675152184087095,-8.136716922732608,92.08640211948105,217.75660907882232,45.92283119351962,41.5776946976587,63575175115.0,-1.4351162346846953,-3558421208.0,-0.13758285586912866,-1.5450445957851833,187788406654.5,87231237031.0,-5.677176319310619,-12.221629906740054,0.6977232184948636
2025,half,CFS,65331227357.0,19638995324.0,-2352649880.0,-5013526723.0,7626937594.0,14309779872.0,48051031984.0,95764921826.0,94388577346.0,188896290631.0,188896290631.0,88594704406.0,75501796194.0,2095126995.0,-4470917190.0,1559606970.0,30.06065570555327,-3.601110793685284,-7.674012759019167,101.45816847620739,213.21397469238258,46.90124094552263,39.969972910420566,67874858600.0,-1.122915167249802,-6030524160.0,0.8917708904371188,-1.847742390891094,192769241862.5,91269993134.5,-2.6007918455041126,-5.493072313056732,0.3389089811516714
2025,quarter1,CFS,33487420643.0,10636185460.0,-728982314.0,-2428201686.0,11750361815.0,16766132677.0,45548071696.0,99435421243.0,96829530909.0,194822389220.0,194822389220.0,91157582835.0,76884228428.0,1094264095.0,-4777211979.0,753115823.0,31.761733975839434,-2.1768840358637234,-7.251086047762165,102.69121445651636,213.72044229456887,46.79009594326543,39.46375400477187,65133866613.0,-0.6661849889171407,-5530327802.0,1.9673868140951452,-13.155034666651833,197834083172.5,94617708523.0,-1.2273929987497387,-2.566328992642793,0.16927022940632977
2025,quarter3,CFS,97932841877.0,28424867651.0,-4495493066.0,-7410557563.0,7196068192.0,17091827750.0,44940213245.0,92963429054.0,95696608215.0,183924426684.0,183924426684.0,83287031934.0,75420028663.0,3077031324.0,-3669337621.0,2279599806.0,29.024857347344803,-4.590383552481987,-7.566978983727833,97.1439121908486,220.83200999376365,45.28329022718401,41.00598817827439,68223960471.0,-1.4609838485999112,-5948937427.0,0.49515000589436753,-0.8745208215365841,189881236017.0,87489866775.5,-3.9027329495245837,-8.470189561512964,0.5157583968340722
2026,half,CFS,38775852024.0,18560369618.0,-3971639537.0,-5308994446.0,9804757226.0,14453889292.0,46873437387.0,2505992146.0,1600105158.0,190695425571.0,190695425571.0,75624036376.0,89263583753.0,2078564190.0,-5375051763.0,6867054708.0,47.86579442925512,-10.242559040461021,-13.691496560060218,156.61421585143094,252.16245351262287,39.65697454438599,46.809504468037304,79458826527.0,-1.9107610706022988,-12242106471.0,1.0124425289330958,-40.647292890870034,189795858101.0,82109370391.0,-2.7972130156680315,-6.4657595359931275,0.20430294112828007
2026,quarter1,CFS,32839648678.0,9169973528.0,-2718613882.0,-2814621589.0,11037338654.0,13971017990.0,40557762451.0,87717218522.0,102705794378.0,185956131891.0,185956131891.0,77737786557.0,81800403173.0,980754997.0,399796679.0,6003706528.0,27.923482427944386,-8.27844995741766,-8.570802984520284,85.40629966714846,239.20945029049756,41.80436846393791,43.98908621144481,70763064519.0,-2.7719602656278894,-5603909849.0,-0.1420427813680072,-1.9343740203395021,190389260555.5,84447684696.0,-1.4783510271470985,-3.332976622310308,0.17248687547912914
